ID,Modul,Fitur,Skenario Uji,Langkah Pengujian,Hasil yang Diharapkan,Status,Keterangan
AUTH-01,Autentikasi,Registrasi Akun Customer,Daftar akun baru dengan form email dan password,Buka /daftar -> isi nama email password -> submit,Akun terdaftar dan otomatis login atau diarahkan ke halaman login,DONE,
AUTH-02,Autentikasi,Login Customer Biasa,Login customer dengan kredensial yang valid,Buka /masuk -> isi email & password customer -> klik Masuk,Berhasil login dan diarahkan ke beranda (/),DONE,
AUTH-03,Autentikasi,Login Admin / Pengurus,Login pengurus dengan akses admin,Buka /masuk?callbackUrl=/admin -> login akun admin,Berhasil login dan langsung diarahkan ke panel /admin,DONE,
AUTH-04,Autentikasi,Google OAuth Login,Login menggunakan tombol Masuk dengan Google,Klik tombol 'Masuk dengan Google' di halaman /masuk,Membuka consent screen Google dan login sukses,DONE,
AUTH-05,Autentikasi,Auto-Trim Input,Mencegah gagal login akibat spasi tak sengaja di awal/akhir input,Ketik email atau password dengan spasi di ujung -> submit,Sistem otomatis membersihkan spasi (trim) dan login berhasil,DONE,
AUTH-06,Autentikasi,Proteksi Brute Force,Rate limiting percobaan login gagal berulang kali,Coba masukkan password salah berturut-turut > 5 kali,Muncul peringatan rate limit dan login diblokir sementara,DONE,
AUTH-07,Autentikasi,Logout Sesi,Keluar dari akun pengguna,Klik avatar/menu profil -> pilih Keluar / Logout,Sesi terhapus dan kembali ke tampilan tamu publik,DONE,
AUTH-08,Otorisasi,Akses Guard Admin oleh Customer,Customer mencoba membuka URL /admin langsung,Login akun customer -> ketik URL http://.../admin di address bar,Customer ditolak dan dialihkan aman ke beranda (/) tanpa looping reload,DONE,
AUTH-09,Otorisasi,Akses Guard Sayembara Admin,Customer mencoba membuka /admin/sayembara,Login customer -> akses /admin/sayembara,Dialihkan ke beranda (/) tanpa error,DONE,
AUTH-10,Otorisasi,Akses Admin oleh Tamu (Unauthenticated),Pengunjung tanpa login membuka /admin,Buka jendela incognito -> akses /admin,Diarahkan ke /masuk?callbackUrl=/admin,DONE,
STR-01,Storefront,Tampilan Beranda (Desktop),Verifikasi layout tema Obsidian-Gold & Hero,Buka halaman utama (/) di laptop 100% zoom,Hero tampil proporsional tidak kepotong batiknya tampak elegan countdown rapi,DONE,
STR-02,Storefront,Tampilan Beranda (Mobile),Responsivitas beranda di layar HP,Buka / di browser smartphone atau Chrome Device Mode,Header navigasi rapi marquee strip smooth logo dan tombol proporsional,DONE,
STR-03,Storefront,Navigasi Kategori & Filter,Menjelajahi produk berdasarkan kategori,Klik menu Kategori atau tombol kategori di beranda,Halaman katalog menampilkan produk sesuai kategori yang dipilih,DONE,
STR-04,Storefront,Pencarian & Pengurutan Produk,Filter sort harga / nama / terbaru,Buka katalog produk -> ubah opsi pengurutan (Termurah/Termahal),Daftar produk berubah urutan secara akurat,DONE,
STR-05,Storefront,Detail Produk & Pemilihan Varian,Memilih ukuran/warna dan melihat stok kuota,Klik salah satu produk pre-order -> pilih ukuran/varian,Harga dan status kuota varian berubah sesuai pilihan,DONE,
STR-06,Storefront,Tambah ke Keranjang,Menambahkan produk ke cart,Pilih produk dan varian -> klik 'Tambah ke Keranjang',Badge keranjang bertambah dan toast konfirmasi muncul,DONE,
STR-07,Storefront,Sinkronisasi Keranjang Tamu ke Akun,Keranjang lokal tersinkron saat user login,Tambah produk saat belum login -> kemudian login akun,Item keranjang tetap ada dan terikat ke user tersebut,DONE,
STR-08,Storefront,Halaman Keranjang Belanja,Mengubah jumlah qty dan menghapus item,Buka /keranjang -> ubah qty -> hapus salah satu item,Subtotal otomatis terhitung ulang secara real-time,DONE,
ORD-01,Checkout,Validasi Form Checkout,Submit form checkout dengan data kosong / tidak lengkap,Buka /checkout tanpa mengisi nama atau alamat -> klik Lanjut,Form menampilkan pesan validasi berbahasa Indonesia yang jelas,DONE,
ORD-02,Checkout,Syarat & Ketentuan Transaksi,Membaca dan menyetujui S&K transaksi PO,Klik link 'Syarat & Ketentuan' di halaman checkout,Modal dialog S&K terbuka dan checkbox persetujuan bisa dicentang,DONE,
ORD-03,Checkout,Pembuatan Invoice Duitku,Membuat pesanan dan mengarahkan ke pembayaran Duitku,Isi data diri lengkap -> centang S&K -> klik 'Bayar Sekarang',Sistem berhasil memanggil Duitku API dan mengarahkan ke payment page Duitku,DONE,
ORD-04,Pembayaran,Pembayaran VA / QRIS Sandbox Duitku,Simulasi pembayaran sukses lewat demo simulator Duitku,Salin nomor VA/transaksi -> buka simulator Duitku -> lakukan bayar,Webhook menerima callback (POST /api/duitku/callback -> 200 OK),DONE,
ORD-05,Pembayaran,Halaman Status Pesanan,Melihat status pesanan yang telah dibayar,Buka link /pesanan/[orderNumber] setelah bayar,Status berubah dari 'MENUNGGU_PEMBAYARAN' menjadi 'DIBAYAR' / 'DIPROSES',DONE,
ORD-06,Pembayaran,Proteksi Kuota & Atomisitas,Pencegahan overselling saat rush pre-order,Buat pesanan untuk stok terakhir produk,Sistem mengunci kuota dan mencegah pesanan lain melebihi sisa kuota,DONE,
ORD-07,Pembayaran,Cron Expire Order,Pelepasan kuota pesanan yang hangus/tidak dibayar,Panggil endpoint /api/cron/expire-orders dengan Bearer token,Pesanan yang melebihi batas waktu dibatalkan dan kuota dikembalikan ke etalase,DONE,
SAY-01,Sayembara,Lifecycle Sayembara (Fase),Perubahan tampilan otomatis berdasarkan timeline fase,Cek sayembara pada tanggal SUBMISSION REVIEW VOTING dan FINISHED,UI /sayembara otomatis berubah komponen (Form -> Info Review -> Gallery -> Hasil),DONE,
SAY-02,Sayembara,Unggah 2 Foto Desain,Kirim karya sayembara dengan foto utama dan foto mockup ke-2,Isi judul deskripsi departemen angkatan upload foto 1 & foto 2 -> submit,Form tervalidasi kedua foto tersimpan di database dan file tersimpan di /uploads,DONE,
SAY-03,Sayembara,Validasi Form Pengajuan Desain,Pengecekan minimal karakter deskripsi (20 char) dan format angkatan 4 digit,Masukkan deskripsi < 20 karakter atau angkatan salah,Muncul indikator live counter karakter dan error validasi yang jelas,DONE,
SAY-04,Sayembara,Rule 1 Akun 1 Desain Aktif,Mencegah submit lebih dari 1 desain aktif di contest yang sama,Coba submit karya kedua saat karya pertama masih PENDING atau APPROVED,Form terkunci dengan banner informasi status karya aktif user,DONE,
SAY-05,Sayembara,Pengajuan Ulang Desain yang Ditolak,User mengajukan revisi jika karya sebelumnya di-reject admin,Admin me-reject karya dengan alasan -> user buka /sayembara,User melihat alasan penolakan dan tombol 'Ajukan Ulang Desain' aktif,DONE,
SAY-06,Sayembara,Voting Publik & Carousel Foto,Melihat mockup karya di galeri voting dan navigasi 2 foto,Masuk fase VOTING -> klik 'Lihat Detail & Foto' pada salah satu karya,Modal dialog terbuka menampilkan foto 1 dan bisa slide ke foto ke-2,DONE,
SAY-07,Sayembara,Kerahasiaan Skor Saat Voting Aktif,Mencegah bandwagon effect saat fase pemilihan suara,Lihat kartu karya di galeri voting publik,Skor dan persentase disembunyikan (Label: 'Status Voting: Suara Dirahasiakan'),DONE,
SAY-08,Sayembara,Voting 1 Akun 1 Suara,Pengecekan integritas pembatasan suara pemilih,Klik 'Beri Suara' pada desain A -> coba vote lagi di desain B,Tombol vote berubah menjadi 'Suara Anda Telah Tercatat' dan tidak bisa double vote,DONE,
SAY-09,Sayembara,Pengumuman Pemenang (Fase FINISHED),Tampilan saat kontes sayembara selesai,Ubah status contest ke FINISHED,Banner pemenang muncul perolehan total vote dan persentase terbuka ke publik,DONE,
ADM-01,Admin Panel,Dashboard Utama & Ringkasan,Melihat rekap pendapatan dan status pesanan terbaru,Buka /admin dengan akun pengurus,Menampilkan card total omzet jumlah pesanan pending dan tabel pesanan mobile-friendly,DONE,
ADM-02,Admin Panel,Manajemen Produk Pre-Order,Tambah edit nonaktifkan produk dan varian,Buka /admin/produk -> tambah produk baru -> upload foto -> simpan,Produk baru muncul di katalog etalase publik,DONE,
ADM-03,Admin Panel,Manajemen Periode Pre-Order,Mengatur tanggal buka/tutup batch PO dan target kuota,Buka /admin/pre-order -> edit tanggal batch -> simpan,Hitung mundur countdown di beranda storefront otomatis menyesuaikan tanggal baru,DONE,
ADM-04,Admin Panel,Kurasi Sayembara & Preview 2 Mockup,Admin memeriksa karya mahasiswa sebelum disetujui/ditolak,Buka /admin/sayembara/[id] -> klik 'Pratinjau Desain',Modal besar terbuka admin bisa memeriksa foto 1 dan mockup ke-2,DONE,
ADM-05,Admin Panel,Tolak Karya dengan Catatan/Alasan,Admin menolak karya yang tidak sesuai ketentuan,Klik tombol 'Tolak' -> masukkan alasan penolakan di modal dialog -> submit,Status karya menjadi REJECTED dan alasan penolakan tersimpan di database,DONE,
ADM-06,Admin Panel,Setujui Karya untuk Masuk Voting,Admin menyetujui karya yang lolos seleksi,Klik tombol 'Setujui' pada karya yang valid,Status karya berubah menjadi APPROVED dan siap tampil di galeri voting publik,DONE,
ADM-07,Admin Panel,Monitoring Suara Real-Time Admin,Admin memantau perolehan suara voting saat publik dirahasiakan,Buka /admin/sayembara/[id] saat fase VOTING berlangsung,Admin tetap dapat melihat angka suara riil dan progress bar perolehan suara,DONE,
ADM-08,Admin Panel,Cetak Rekap & Label Pesanan,Ekspor data pesanan untuk produksi dan pengiriman,Buka /admin/rekap -> filter periode -> klik Cetak/Ekspor,Data terformat rapi siap diprint atau diunduh sebagai laporan BEM,DONE,
ADM-09,Admin Panel,Manajemen Pengguna & Role,Mengatur peran pengguna (Pengurus/Customer),Buka /admin/pengguna -> ubah role akun,Hak akses user terupdate sesuai peran yang diberikan,DONE,
ADM-10,Admin Panel,Pengaturan Toko & Banner Beranda,Mengubah banner promosi dan pengumuman berjalan,Buka /admin/beranda -> perbarui teks pengumuman -> simpan,Teks marquee dan banner di halaman beranda etalase langsung terupdate,DONE,
PERF-01,Non-Fungsional,Uji Responsivitas Mobile,Tampilan seluruh halaman di layar smartphone (360px - 412px),Buka Beranda Sayembara Checkout dan Admin di mode mobile,Semua tombol mudah disentuh tidak ada horizontal scrollbar liar teks terbaca rapi,DONE,
PERF-02,Non-Fungsional,Ketahanan Upload Gambar,Upload gambar berukuran besar (> 3MB),Unggah gambar mockup sayembara berukuran 4 MB di form,Sharp otomatis mengompres ke format WebP ringan (< 200KB) tanpa error memory OOM,DONE,
PERF-03,Non-Fungsional,Penanganan Error 404 & 500,Tampilan error halaman tidak ditemukan,Buka URL acak http://.../halaman-tidak-ada,Tampil halaman 404 khas Merch PENS dengan tombol kembali ke beranda,DONE,
